{
  "Construction": {
    "persistence": {
      "MSE": 0.010943685658276081,
      "RMSE": 0.1046120747923851,
      "MAE": 0.04400867968797684,
      "SMAPE": 12.430299073457718
    },
    "oracle": {
      "MSE": 1.0258748531341553,
      "RMSE": 1.012854814529419,
      "MAE": 0.8903821706771851,
      "SMAPE": 170.16090154647827
    }
  },
  "Education and Health Services": {
    "persistence": {
      "MSE": 0.007827202789485455,
      "RMSE": 0.08847147971391678,
      "MAE": 0.029926661401987076,
      "SMAPE": 9.671467542648315
    },
    "oracle": {
      "MSE": 0.7690019607543945,
      "RMSE": 0.8769275546073914,
      "MAE": 0.7525596022605896,
      "SMAPE": 148.5015869140625
    }
  },
  "Financial Activities": {
    "persistence": {
      "MSE": 0.00273446855135262,
      "RMSE": 0.052292145788669586,
      "MAE": 0.030120888724923134,
      "SMAPE": 6.920308619737625
    },
    "oracle": {
      "MSE": 1.1393855810165405,
      "RMSE": 1.0674200057983398,
      "MAE": 0.9517080783843994,
      "SMAPE": 196.61976099014282
    }
  },
  "Information": {
    "persistence": {
      "MSE": 0.029993096366524696,
      "RMSE": 0.17318515479564667,
      "MAE": 0.0844501331448555,
      "SMAPE": 23.597748577594757
    },
    "oracle": {
      "MSE": 0.8148640990257263,
      "RMSE": 0.9026982188224792,
      "MAE": 0.7447081208229065,
      "SMAPE": 140.29231071472168
    }
  },
  "Leisure and Hospitality": {
    "persistence": {
      "MSE": 0.14449602365493774,
      "RMSE": 0.38012632727622986,
      "MAE": 0.07617977261543274,
      "SMAPE": 12.663595378398895
    },
    "oracle": {
      "MSE": 1.0100659132003784,
      "RMSE": 1.0050203800201416,
      "MAE": 0.8704884052276611,
      "SMAPE": 166.1531686782837
    }
  },
  "Manufacturing": {
    "persistence": {
      "MSE": 0.02471429482102394,
      "RMSE": 0.15720780193805695,
      "MAE": 0.05326312407851219,
      "SMAPE": 15.541660785675049
    },
    "oracle": {
      "MSE": 0.44186779856681824,
      "RMSE": 0.6647313833236694,
      "MAE": 0.5500227212905884,
      "SMAPE": 120.40597200393677
    }
  },
  "Natural Resources and Mining": {
    "persistence": {
      "MSE": 0.008288339711725712,
      "RMSE": 0.09104032069444656,
      "MAE": 0.06364071369171143,
      "SMAPE": 20.076951384544373
    },
    "oracle": {
      "MSE": 1.1300091743469238,
      "RMSE": 1.0630189180374146,
      "MAE": 0.8946442008018494,
      "SMAPE": 197.62979745864868
    }
  },
  "Other Services": {
    "persistence": {
      "MSE": 0.20760692656040192,
      "RMSE": 0.4556390345096588,
      "MAE": 0.09534765779972076,
      "SMAPE": 15.057489275932312
    },
    "oracle": {
      "MSE": 1.103859543800354,
      "RMSE": 1.050647258758545,
      "MAE": 0.8698127269744873,
      "SMAPE": 176.54391527175903
    }
  },
  "Professional and Business Services": {
    "persistence": {
      "MSE": 0.007562763057649136,
      "RMSE": 0.08696414530277252,
      "MAE": 0.03305206447839737,
      "SMAPE": 9.523817151784897
    },
    "oracle": {
      "MSE": 1.0132077932357788,
      "RMSE": 1.006582260131836,
      "MAE": 0.8640021681785583,
      "SMAPE": 160.79628467559814
    }
  },
  "Transportation and Utilities": {
    "persistence": {
      "MSE": 0.03420222923159599,
      "RMSE": 0.184938445687294,
      "MAE": 0.05481560155749321,
      "SMAPE": 12.116079777479172
    },
    "oracle": {
      "MSE": 1.1288347244262695,
      "RMSE": 1.0624663829803467,
      "MAE": 0.9141880869865417,
      "SMAPE": 183.70931148529053
    }
  }
}